{"count":1,"self":169.11136,"total":2660.3651298,"children":{"InitializeActuators":{"count":10,"self":0.0020007,"total":0.0020007,"children":null},"InitializeSensors":{"count":10,"self":0.0050006999999999994,"total":0.0050006999999999994,"children":null},"AgentSendState":{"count":174151,"self":2.7951842,"total":1931.8265276,"children":{"GridSensor.Update":{"count":348310,"self":1871.2195072,"total":1871.2195147999998,"children":null},"CollectObservations":{"count":348310,"self":0.23717629999999998,"total":0.23717629999999998,"children":null},"WriteActionMask":{"count":348310,"self":0.29865949999999997,"total":0.29865949999999997,"children":null},"RequestDecision":{"count":348310,"self":1.1502027,"total":57.2759928,"children":{"AgentInfo.ToProto":{"count":348310,"self":1.1311518999999999,"total":56.125790099999996,"children":{"GenerateSensorData":{"count":348310,"self":2.2729676,"total":54.9946382,"children":{"GridSensor.GetCompressedObservation":{"count":348310,"self":52.7216704,"total":52.721670599999996,"children":null}}}}}}}}},"DecideAction":{"count":174151,"self":553.92870399999993,"total":553.9286791,"children":null},"AgentAct":{"count":174151,"self":5.1166656,"total":5.1166656999999995,"children":null},"AgentInfo.ToProto":{"count":1727,"self":0.012539,"total":0.3738976,"children":{"GenerateSensorData":{"count":1727,"self":0.0199843,"total":0.3613586,"children":{"GridSensor.GetCompressedObservation":{"count":1727,"self":0.34137429999999996,"total":0.34137429999999996,"children":null}}}}}},"gauges":{"AgentVegetarian.CumulativeReward":{"count":1177,"max":65,"min":-5,"runningAverage":3.34494448,"value":15,"weightedAverage":9.271904},"AgentCarnivorous.CumulativeReward":{"count":550,"max":98,"min":-2,"runningAverage":3.367274,"value":45,"weightedAverage":15.0474443}},"metadata":{"timer_format_version":"0.1.0","start_time_seconds":"1687098446","unity_version":"2021.3.24f1","command_line_arguments":"C:\\Program Files\\Unity\\Hub\\Editor\\2021.3.24f1\\Editor\\Unity.exe -projectpath C:\\Users\\hugue\\Downloads\\Eco-Learn -useHub -hubIPC -cloudEnvironment production -licensingIpc LicenseClient-hugue -hubSessionId cb46f606-ca09-40e2-bab8-077511e111c0 -accessToken Nf7diPPaoz4zMMyOBMLBD3b_nVl3UQBIyyEE146muPg008f","communication_protocol_version":"1.5.0","com.unity.ml-agents_version":"2.0.1","scene_name":"TrainPursuit","end_time_seconds":"1687101107"}}